session_id,user_id,second,bpm,resting_hr,max_hr,workout_goal,phase,speed_kmh,cadence_spm
marathon_ontarget,athlete_A,0,120.0,50,190,ModerateRun,warmup,10.0,165.0
marathon_ontarget,athlete_A,1,120.3,50,190,ModerateRun,warmup,10.08,165.2
marathon_ontarget,athlete_A,2,120.7,50,190,ModerateRun,warmup,10.17,165.5
marathon_ontarget,athlete_A,3,121.0,50,190,ModerateRun,warmup,10.25,165.8
marathon_ontarget,athlete_A,4,121.3,50,190,ModerateRun,warmup,10.33,166.0
marathon_ontarget,athlete_A,5,121.7,50,190,ModerateRun,warmup,10.42,166.2
marathon_ontarget,athlete_A,6,122.0,50,190,ModerateRun,warmup,10.5,166.5
marathon_ontarget,athlete_A,7,122.3,50,190,ModerateRun,warmup,10.58,166.8
marathon_ontarget,athlete_A,8,122.7,50,190,ModerateRun,warmup,10.67,167.0
marathon_ontarget,athlete_A,9,123.0,50,190,ModerateRun,warmup,10.75,167.2
marathon_ontarget,athlete_A,10,123.3,50,190,ModerateRun,warmup,10.83,167.5
marathon_ontarget,athlete_A,11,123.7,50,190,ModerateRun,warmup,10.92,167.8
marathon_ontarget,athlete_A,12,124.0,50,190,ModerateRun,warmup,11.0,168.0
marathon_ontarget,athlete_A,13,124.3,50,190,ModerateRun,warmup,11.08,168.2
marathon_ontarget,athlete_A,14,124.7,50,190,ModerateRun,warmup,11.17,168.5
marathon_ontarget,athlete_A,15,125.0,50,190,ModerateRun,warmup,11.25,168.8
marathon_ontarget,athlete_A,16,125.3,50,190,ModerateRun,warmup,11.33,169.0
marathon_ontarget,athlete_A,17,125.7,50,190,ModerateRun,warmup,11.42,169.2
marathon_ontarget,athlete_A,18,126.0,50,190,ModerateRun,warmup,11.5,169.5
marathon_ontarget,athlete_A,19,126.3,50,190,ModerateRun,warmup,11.58,169.8
marathon_ontarget,athlete_A,20,126.7,50,190,ModerateRun,warmup,11.67,170.0
marathon_ontarget,athlete_A,21,127.0,50,190,ModerateRun,warmup,11.75,170.2
marathon_ontarget,athlete_A,22,127.3,50,190,ModerateRun,warmup,11.83,170.5
marathon_ontarget,athlete_A,23,127.7,50,190,ModerateRun,warmup,11.92,170.8
marathon_ontarget,athlete_A,24,128.0,50,190,ModerateRun,warmup,12.0,171.0
marathon_ontarget,athlete_A,25,128.3,50,190,ModerateRun,warmup,12.08,171.2
marathon_ontarget,athlete_A,26,128.7,50,190,ModerateRun,warmup,12.17,171.5
marathon_ontarget,athlete_A,27,129.0,50,190,ModerateRun,warmup,12.25,171.8
marathon_ontarget,athlete_A,28,129.3,50,190,ModerateRun,warmup,12.33,172.0
marathon_ontarget,athlete_A,29,129.7,50,190,ModerateRun,warmup,12.42,172.2
marathon_ontarget,athlete_A,30,130.0,50,190,ModerateRun,warmup,12.5,172.5
marathon_ontarget,athlete_A,31,130.3,50,190,ModerateRun,warmup,12.58,172.8
marathon_ontarget,athlete_A,32,130.7,50,190,ModerateRun,warmup,12.67,173.0
marathon_ontarget,athlete_A,33,131.0,50,190,ModerateRun,warmup,12.75,173.2
marathon_ontarget,athlete_A,34,131.3,50,190,ModerateRun,warmup,12.83,173.5
marathon_ontarget,athlete_A,35,131.7,50,190,ModerateRun,warmup,12.92,173.8
marathon_ontarget,athlete_A,36,132.0,50,190,ModerateRun,warmup,13.0,174.0
marathon_ontarget,athlete_A,37,132.3,50,190,ModerateRun,warmup,13.08,174.2
marathon_ontarget,athlete_A,38,132.7,50,190,ModerateRun,warmup,13.17,174.5
marathon_ontarget,athlete_A,39,133.0,50,190,ModerateRun,warmup,13.25,174.8
marathon_ontarget,athlete_A,40,133.3,50,190,ModerateRun,warmup,13.33,175.0
marathon_ontarget,athlete_A,41,133.7,50,190,ModerateRun,warmup,13.42,175.2
marathon_ontarget,athlete_A,42,134.0,50,190,ModerateRun,warmup,13.5,175.5
marathon_ontarget,athlete_A,43,134.3,50,190,ModerateRun,warmup,13.58,175.8
marathon_ontarget,athlete_A,44,134.7,50,190,ModerateRun,warmup,13.67,176.0
marathon_ontarget,athlete_A,45,135.0,50,190,ModerateRun,warmup,13.75,176.2
marathon_ontarget,athlete_A,46,135.3,50,190,ModerateRun,warmup,13.83,176.5
marathon_ontarget,athlete_A,47,135.7,50,190,ModerateRun,warmup,13.92,176.8
marathon_ontarget,athlete_A,48,136.0,50,190,ModerateRun,warmup,14.0,177.0
marathon_ontarget,athlete_A,49,136.3,50,190,ModerateRun,warmup,14.08,177.2
marathon_ontarget,athlete_A,50,136.7,50,190,ModerateRun,warmup,14.17,177.5
marathon_ontarget,athlete_A,51,137.0,50,190,ModerateRun,warmup,14.25,177.8
marathon_ontarget,athlete_A,52,137.3,50,190,ModerateRun,warmup,14.33,178.0
marathon_ontarget,athlete_A,53,137.7,50,190,ModerateRun,warmup,14.42,178.2
marathon_ontarget,athlete_A,54,138.0,50,190,ModerateRun,warmup,14.5,178.5
marathon_ontarget,athlete_A,55,138.3,50,190,ModerateRun,warmup,14.58,178.8
marathon_ontarget,athlete_A,56,138.7,50,190,ModerateRun,warmup,14.67,179.0
marathon_ontarget,athlete_A,57,139.0,50,190,ModerateRun,warmup,14.75,179.2
marathon_ontarget,athlete_A,58,139.3,50,190,ModerateRun,warmup,14.83,179.5
marathon_ontarget,athlete_A,59,139.7,50,190,ModerateRun,warmup,14.92,179.8
marathon_ontarget,athlete_A,60,139.2,50,190,ModerateRun,run,15.0,180.0
marathon_ontarget,athlete_A,61,139.2,50,190,ModerateRun,run,15.0,180.0
marathon_ontarget,athlete_A,62,139.2,50,190,ModerateRun,run,15.0,180.0
marathon_ontarget,athlete_A,63,139.1,50,190,ModerateRun,run,15.0,180.0
marathon_ontarget,athlete_A,64,139.1,50,190,ModerateRun,run,15.0,180.0
marathon_ontarget,athlete_A,65,139.1,50,190,ModerateRun,run,15.0,180.0
marathon_ontarget,athlete_A,66,139.0,50,190,ModerateRun,run,15.0,180.0
marathon_ontarget,athlete_A,67,139.0,50,190,ModerateRun,run,15.0,180.0
marathon_ontarget,athlete_A,68,139.0,50,190,ModerateRun,run,15.0,180.0
marathon_ontarget,athlete_A,69,139.0,50,190,ModerateRun,run,15.0,180.0
marathon_ontarget,athlete_A,70,139.0,50,190,ModerateRun,run,15.0,180.0
marathon_ontarget,athlete_A,71,139.0,50,190,ModerateRun,run,15.0,180.0
marathon_ontarget,athlete_A,72,139.0,50,190,ModerateRun,run,15.0,180.0
marathon_ontarget,athlete_A,73,139.0,50,190,ModerateRun,run,15.0,180.0
marathon_ontarget,athlete_A,74,139.0,50,190,ModerateRun,run,15.0,180.0
marathon_ontarget,athlete_A,75,139.0,50,190,ModerateRun,run,15.0,180.0
marathon_ontarget,athlete_A,76,139.1,50,190,ModerateRun,run,15.0,180.0
marathon_ontarget,athlete_A,77,139.1,50,190,ModerateRun,run,15.0,180.0
marathon_ontarget,athlete_A,78,139.1,50,190,ModerateRun,run,15.0,180.0
marathon_ontarget,athlete_A,79,139.1,50,190,ModerateRun,run,15.0,180.0
marathon_ontarget,athlete_A,80,139.2,50,190,ModerateRun,run,15.0,180.0
marathon_ontarget,athlete_A,81,139.2,50,190,ModerateRun,run,15.0,180.0
marathon_ontarget,athlete_A,82,139.3,50,190,ModerateRun,run,15.0,180.0
marathon_ontarget,athlete_A,83,139.3,50,190,ModerateRun,run,15.0,180.0
marathon_ontarget,athlete_A,84,139.4,50,190,ModerateRun,run,15.0,180.0
marathon_ontarget,athlete_A,85,139.4,50,190,ModerateRun,run,15.0,180.0
marathon_ontarget,athlete_A,86,139.5,50,190,ModerateRun,run,15.0,180.0
marathon_ontarget,athlete_A,87,139.5,50,190,ModerateRun,run,15.0,180.0
marathon_ontarget,athlete_A,88,139.6,50,190,ModerateRun,run,15.0,180.0
marathon_ontarget,athlete_A,89,139.7,50,190,ModerateRun,run,15.0,180.0
marathon_ontarget,athlete_A,90,139.7,50,190,ModerateRun,run,15.0,180.0
marathon_ontarget,athlete_A,91,139.8,50,190,ModerateRun,run,15.0,180.0
marathon_ontarget,athlete_A,92,139.9,50,190,ModerateRun,run,15.0,180.0
marathon_ontarget,athlete_A,93,139.9,50,190,ModerateRun,run,15.0,180.0
marathon_ontarget,athlete_A,94,140.0,50,190,ModerateRun,run,15.0,180.0
marathon_ontarget,athlete_A,95,140.1,50,190,ModerateRun,run,15.0,180.0
marathon_ontarget,athlete_A,96,140.1,50,190,ModerateRun,run,15.0,180.0
marathon_ontarget,athlete_A,97,140.2,50,190,ModerateRun,run,15.0,180.0
marathon_ontarget,athlete_A,98,140.2,50,190,ModerateRun,run,15.0,180.0
marathon_ontarget,athlete_A,99,140.3,50,190,ModerateRun,run,15.0,180.0
marathon_ontarget,athlete_A,100,140.4,50,190,ModerateRun,run,15.0,180.0
marathon_ontarget,athlete_A,101,140.4,50,190,ModerateRun,run,15.0,180.0
marathon_ontarget,athlete_A,102,140.5,50,190,ModerateRun,run,15.0,180.0
marathon_ontarget,athlete_A,103,140.6,50,190,ModerateRun,run,15.0,180.0
marathon_ontarget,athlete_A,104,140.6,50,190,ModerateRun,run,15.0,180.0
marathon_ontarget,athlete_A,105,140.7,50,190,ModerateRun,run,15.0,180.0
marathon_ontarget,athlete_A,106,140.7,50,190,ModerateRun,run,15.0,180.0
marathon_ontarget,athlete_A,107,140.8,50,190,ModerateRun,run,15.0,180.0
marathon_ontarget,athlete_A,108,140.8,50,190,ModerateRun,run,15.0,180.0
marathon_ontarget,athlete_A,109,140.8,50,190,ModerateRun,run,15.0,180.0
marathon_ontarget,athlete_A,110,140.9,50,190,ModerateRun,run,15.0,180.0
marathon_ontarget,athlete_A,111,140.9,50,190,ModerateRun,run,15.0,180.0
marathon_ontarget,athlete_A,112,140.9,50,190,ModerateRun,run,15.0,180.0
marathon_ontarget,athlete_A,113,140.9,50,190,ModerateRun,run,15.0,180.0
marathon_ontarget,athlete_A,114,141.0,50,190,ModerateRun,run,15.0,180.0
marathon_ontarget,athlete_A,115,141.0,50,190,ModerateRun,run,15.0,180.0
marathon_ontarget,athlete_A,116,141.0,50,190,ModerateRun,run,15.0,180.0
marathon_ontarget,athlete_A,117,141.0,50,190,ModerateRun,run,15.0,180.0
marathon_ontarget,athlete_A,118,141.0,50,190,ModerateRun,run,15.0,180.0
marathon_ontarget,athlete_A,119,141.0,50,190,ModerateRun,run,15.0,180.0
marathon_ontarget,athlete_A,120,141.0,50,190,ModerateRun,run,15.0,180.0
marathon_ontarget,athlete_A,121,141.0,50,190,ModerateRun,run,15.0,180.0
marathon_ontarget,athlete_A,122,141.0,50,190,ModerateRun,run,15.0,180.0
marathon_ontarget,athlete_A,123,140.9,50,190,ModerateRun,run,15.0,180.0
marathon_ontarget,athlete_A,124,140.9,50,190,ModerateRun,run,15.0,180.0
marathon_ontarget,athlete_A,125,140.9,50,190,ModerateRun,run,15.0,180.0
marathon_ontarget,athlete_A,126,140.9,50,190,ModerateRun,run,15.0,180.0
marathon_ontarget,athlete_A,127,140.8,50,190,ModerateRun,run,15.0,180.0
marathon_ontarget,athlete_A,128,140.8,50,190,ModerateRun,run,15.0,180.0
marathon_ontarget,athlete_A,129,140.7,50,190,ModerateRun,run,15.0,180.0
marathon_ontarget,athlete_A,130,140.7,50,190,ModerateRun,run,15.0,180.0
marathon_ontarget,athlete_A,131,140.6,50,190,ModerateRun,run,15.0,180.0
marathon_ontarget,athlete_A,132,140.6,50,190,ModerateRun,run,15.0,180.0
marathon_ontarget,athlete_A,133,140.5,50,190,ModerateRun,run,15.0,180.0
marathon_ontarget,athlete_A,134,140.5,50,190,ModerateRun,run,15.0,180.0
marathon_ontarget,athlete_A,135,140.4,50,190,ModerateRun,run,15.0,180.0
marathon_ontarget,athlete_A,136,140.4,50,190,ModerateRun,run,15.0,180.0
marathon_ontarget,athlete_A,137,140.3,50,190,ModerateRun,run,15.0,180.0
marathon_ontarget,athlete_A,138,140.2,50,190,ModerateRun,run,15.0,180.0
marathon_ontarget,athlete_A,139,140.2,50,190,ModerateRun,run,15.0,180.0
marathon_ontarget,athlete_A,140,140.1,50,190,ModerateRun,run,15.0,180.0
marathon_ontarget,athlete_A,141,140.0,50,190,ModerateRun,run,15.0,180.0
marathon_ontarget,athlete_A,142,140.0,50,190,ModerateRun,run,15.0,180.0
marathon_ontarget,athlete_A,143,139.9,50,190,ModerateRun,run,15.0,180.0
marathon_ontarget,athlete_A,144,139.8,50,190,ModerateRun,run,15.0,180.0
marathon_ontarget,athlete_A,145,139.8,50,190,ModerateRun,run,15.0,180.0
marathon_ontarget,athlete_A,146,139.7,50,190,ModerateRun,run,15.0,180.0
marathon_ontarget,athlete_A,147,139.6,50,190,ModerateRun,run,15.0,180.0
marathon_ontarget,athlete_A,148,139.6,50,190,ModerateRun,run,15.0,180.0
marathon_ontarget,athlete_A,149,139.5,50,190,ModerateRun,run,15.0,180.0
marathon_ontarget,athlete_A,150,139.5,50,190,ModerateRun,run,15.0,180.0
marathon_ontarget,athlete_A,151,139.4,50,190,ModerateRun,run,15.0,180.0
marathon_ontarget,athlete_A,152,139.3,50,190,ModerateRun,run,15.0,180.0
marathon_ontarget,athlete_A,153,139.3,50,190,ModerateRun,run,15.0,180.0
marathon_ontarget,athlete_A,154,139.3,50,190,ModerateRun,run,15.0,180.0
marathon_ontarget,athlete_A,155,139.2,50,190,ModerateRun,run,15.0,180.0
marathon_ontarget,athlete_A,156,139.2,50,190,ModerateRun,run,15.0,180.0
marathon_ontarget,athlete_A,157,139.1,50,190,ModerateRun,run,15.0,180.0
marathon_ontarget,athlete_A,158,139.1,50,190,ModerateRun,run,15.0,180.0
marathon_ontarget,athlete_A,159,139.1,50,190,ModerateRun,run,15.0,180.0
marathon_ontarget,athlete_A,160,139.1,50,190,ModerateRun,run,15.0,180.0
marathon_ontarget,athlete_A,161,139.0,50,190,ModerateRun,run,15.0,180.0
marathon_ontarget,athlete_A,162,139.0,50,190,ModerateRun,run,15.0,180.0
marathon_ontarget,athlete_A,163,139.0,50,190,ModerateRun,run,15.0,180.0
marathon_ontarget,athlete_A,164,139.0,50,190,ModerateRun,run,15.0,180.0
marathon_ontarget,athlete_A,165,139.0,50,190,ModerateRun,run,15.0,180.0
marathon_ontarget,athlete_A,166,139.0,50,190,ModerateRun,run,15.0,180.0
marathon_ontarget,athlete_A,167,139.0,50,190,ModerateRun,run,15.0,180.0
marathon_ontarget,athlete_A,168,139.0,50,190,ModerateRun,run,15.0,180.0
marathon_ontarget,athlete_A,169,139.0,50,190,ModerateRun,run,15.0,180.0
marathon_ontarget,athlete_A,170,139.1,50,190,ModerateRun,run,15.0,180.0
marathon_ontarget,athlete_A,171,139.1,50,190,ModerateRun,run,15.0,180.0
marathon_ontarget,athlete_A,172,139.1,50,190,ModerateRun,run,15.0,180.0
marathon_ontarget,athlete_A,173,139.1,50,190,ModerateRun,run,15.0,180.0
marathon_ontarget,athlete_A,174,139.2,50,190,ModerateRun,run,15.0,180.0
marathon_ontarget,athlete_A,175,139.2,50,190,ModerateRun,run,15.0,180.0
marathon_ontarget,athlete_A,176,139.3,50,190,ModerateRun,run,15.0,180.0
marathon_ontarget,athlete_A,177,139.3,50,190,ModerateRun,run,15.0,180.0
marathon_ontarget,athlete_A,178,139.4,50,190,ModerateRun,run,15.0,180.0
marathon_ontarget,athlete_A,179,139.4,50,190,ModerateRun,run,15.0,180.0
marathon_ontarget,athlete_A,180,139.5,50,190,ModerateRun,run,15.0,180.0
marathon_ontarget,athlete_A,181,139.5,50,190,ModerateRun,run,15.0,180.0
marathon_ontarget,athlete_A,182,139.6,50,190,ModerateRun,run,15.0,180.0
marathon_ontarget,athlete_A,183,139.6,50,190,ModerateRun,run,15.0,180.0
marathon_ontarget,athlete_A,184,139.7,50,190,ModerateRun,run,15.0,180.0
marathon_ontarget,athlete_A,185,139.8,50,190,ModerateRun,run,15.0,180.0
marathon_ontarget,athlete_A,186,139.8,50,190,ModerateRun,run,15.0,180.0
marathon_ontarget,athlete_A,187,139.9,50,190,ModerateRun,run,15.0,180.0
marathon_ontarget,athlete_A,188,140.0,50,190,ModerateRun,run,15.0,180.0
marathon_ontarget,athlete_A,189,140.0,50,190,ModerateRun,run,15.0,180.0
marathon_ontarget,athlete_A,190,140.1,50,190,ModerateRun,run,15.0,180.0
marathon_ontarget,athlete_A,191,140.2,50,190,ModerateRun,run,15.0,180.0
marathon_ontarget,athlete_A,192,140.2,50,190,ModerateRun,run,15.0,180.0
marathon_ontarget,athlete_A,193,140.3,50,190,ModerateRun,run,15.0,180.0
marathon_ontarget,athlete_A,194,140.4,50,190,ModerateRun,run,15.0,180.0
marathon_ontarget,athlete_A,195,140.4,50,190,ModerateRun,run,15.0,180.0
marathon_ontarget,athlete_A,196,140.5,50,190,ModerateRun,run,15.0,180.0
marathon_ontarget,athlete_A,197,140.5,50,190,ModerateRun,run,15.0,180.0
marathon_ontarget,athlete_A,198,140.6,50,190,ModerateRun,run,15.0,180.0
marathon_ontarget,athlete_A,199,140.6,50,190,ModerateRun,run,15.0,180.0
marathon_ontarget,athlete_A,200,140.7,50,190,ModerateRun,run,15.0,180.0
marathon_ontarget,athlete_A,201,140.7,50,190,ModerateRun,run,15.0,180.0
marathon_ontarget,athlete_A,202,140.8,50,190,ModerateRun,run,15.0,180.0
marathon_ontarget,athlete_A,203,140.8,50,190,ModerateRun,run,15.0,180.0
marathon_ontarget,athlete_A,204,140.9,50,190,ModerateRun,run,15.0,180.0
marathon_ontarget,athlete_A,205,140.9,50,190,ModerateRun,run,15.0,180.0
marathon_ontarget,athlete_A,206,140.9,50,190,ModerateRun,run,15.0,180.0
marathon_ontarget,athlete_A,207,140.9,50,190,ModerateRun,run,15.0,180.0
marathon_ontarget,athlete_A,208,141.0,50,190,ModerateRun,run,15.0,180.0
marathon_ontarget,athlete_A,209,141.0,50,190,ModerateRun,run,15.0,180.0
marathon_ontarget,athlete_A,210,141.0,50,190,ModerateRun,run,15.0,180.0
marathon_ontarget,athlete_A,211,141.0,50,190,ModerateRun,run,15.0,180.0
marathon_ontarget,athlete_A,212,141.0,50,190,ModerateRun,run,15.0,180.0
marathon_ontarget,athlete_A,213,141.0,50,190,ModerateRun,run,15.0,180.0
marathon_ontarget,athlete_A,214,141.0,50,190,ModerateRun,run,15.0,180.0
marathon_ontarget,athlete_A,215,141.0,50,190,ModerateRun,run,15.0,180.0
marathon_ontarget,athlete_A,216,141.0,50,190,ModerateRun,run,15.0,180.0
marathon_ontarget,athlete_A,217,140.9,50,190,ModerateRun,run,15.0,180.0
marathon_ontarget,athlete_A,218,140.9,50,190,ModerateRun,run,15.0,180.0
marathon_ontarget,athlete_A,219,140.9,50,190,ModerateRun,run,15.0,180.0
marathon_ontarget,athlete_A,220,140.9,50,190,ModerateRun,run,15.0,180.0
marathon_ontarget,athlete_A,221,140.8,50,190,ModerateRun,run,15.0,180.0
marathon_ontarget,athlete_A,222,140.8,50,190,ModerateRun,run,15.0,180.0
marathon_ontarget,athlete_A,223,140.7,50,190,ModerateRun,run,15.0,180.0
marathon_ontarget,athlete_A,224,140.7,50,190,ModerateRun,run,15.0,180.0
marathon_ontarget,athlete_A,225,140.7,50,190,ModerateRun,run,15.0,180.0
marathon_ontarget,athlete_A,226,140.6,50,190,ModerateRun,run,15.0,180.0
marathon_ontarget,athlete_A,227,140.5,50,190,ModerateRun,run,15.0,180.0
marathon_ontarget,athlete_A,228,140.5,50,190,ModerateRun,run,15.0,180.0
marathon_ontarget,athlete_A,229,140.4,50,190,ModerateRun,run,15.0,180.0
marathon_ontarget,athlete_A,230,140.4,50,190,ModerateRun,run,15.0,180.0
marathon_ontarget,athlete_A,231,140.3,50,190,ModerateRun,run,15.0,180.0
marathon_ontarget,athlete_A,232,140.2,50,190,ModerateRun,run,15.0,180.0
marathon_ontarget,athlete_A,233,140.2,50,190,ModerateRun,run,15.0,180.0
marathon_ontarget,athlete_A,234,140.1,50,190,ModerateRun,run,15.0,180.0
marathon_ontarget,athlete_A,235,140.0,50,190,ModerateRun,run,15.0,180.0
marathon_ontarget,athlete_A,236,140.0,50,190,ModerateRun,run,15.0,180.0
marathon_ontarget,athlete_A,237,139.9,50,190,ModerateRun,run,15.0,180.0
marathon_ontarget,athlete_A,238,139.8,50,190,ModerateRun,run,15.0,180.0
marathon_ontarget,athlete_A,239,139.8,50,190,ModerateRun,run,15.0,180.0
marathon_ontarget,athlete_A,240,139.7,50,190,ModerateRun,run,15.0,180.0
marathon_ontarget,athlete_A,241,139.6,50,190,ModerateRun,run,15.0,180.0
marathon_ontarget,athlete_A,242,139.6,50,190,ModerateRun,run,15.0,180.0
marathon_ontarget,athlete_A,243,139.5,50,190,ModerateRun,run,15.0,180.0
marathon_ontarget,athlete_A,244,139.5,50,190,ModerateRun,run,15.0,180.0
marathon_ontarget,athlete_A,245,139.4,50,190,ModerateRun,run,15.0,180.0
marathon_ontarget,athlete_A,246,139.4,50,190,ModerateRun,run,15.0,180.0
marathon_ontarget,athlete_A,247,139.3,50,190,ModerateRun,run,15.0,180.0
marathon_ontarget,athlete_A,248,139.3,50,190,ModerateRun,run,15.0,180.0
marathon_ontarget,athlete_A,249,139.2,50,190,ModerateRun,run,15.0,180.0
marathon_ontarget,athlete_A,250,139.2,50,190,ModerateRun,run,15.0,180.0
marathon_ontarget,athlete_A,251,139.1,50,190,ModerateRun,run,15.0,180.0
marathon_ontarget,athlete_A,252,139.1,50,190,ModerateRun,run,15.0,180.0
marathon_ontarget,athlete_A,253,139.1,50,190,ModerateRun,run,15.0,180.0
marathon_ontarget,athlete_A,254,139.1,50,190,ModerateRun,run,15.0,180.0
marathon_ontarget,athlete_A,255,139.0,50,190,ModerateRun,run,15.0,180.0
marathon_ontarget,athlete_A,256,139.0,50,190,ModerateRun,run,15.0,180.0
marathon_ontarget,athlete_A,257,139.0,50,190,ModerateRun,run,15.0,180.0
marathon_ontarget,athlete_A,258,139.0,50,190,ModerateRun,run,15.0,180.0
marathon_ontarget,athlete_A,259,139.0,50,190,ModerateRun,run,15.0,180.0
marathon_ontarget,athlete_A,260,139.0,50,190,ModerateRun,run,15.0,180.0
marathon_ontarget,athlete_A,261,139.0,50,190,ModerateRun,run,15.0,180.0
marathon_ontarget,athlete_A,262,139.0,50,190,ModerateRun,run,15.0,180.0
marathon_ontarget,athlete_A,263,139.0,50,190,ModerateRun,run,15.0,180.0
marathon_ontarget,athlete_A,264,139.1,50,190,ModerateRun,run,15.0,180.0
marathon_ontarget,athlete_A,265,139.1,50,190,ModerateRun,run,15.0,180.0
marathon_ontarget,athlete_A,266,139.1,50,190,ModerateRun,run,15.0,180.0
marathon_ontarget,athlete_A,267,139.1,50,190,ModerateRun,run,15.0,180.0
marathon_ontarget,athlete_A,268,139.2,50,190,ModerateRun,run,15.0,180.0
marathon_ontarget,athlete_A,269,139.2,50,190,ModerateRun,run,15.0,180.0
marathon_ontarget,athlete_A,270,139.2,50,190,ModerateRun,run,15.0,180.0
marathon_ontarget,athlete_A,271,139.3,50,190,ModerateRun,run,15.0,180.0
marathon_ontarget,athlete_A,272,139.3,50,190,ModerateRun,run,15.0,180.0
marathon_ontarget,athlete_A,273,139.4,50,190,ModerateRun,run,15.0,180.0
marathon_ontarget,athlete_A,274,139.4,50,190,ModerateRun,run,15.0,180.0
marathon_ontarget,athlete_A,275,139.5,50,190,ModerateRun,run,15.0,180.0
marathon_ontarget,athlete_A,276,139.6,50,190,ModerateRun,run,15.0,180.0
marathon_ontarget,athlete_A,277,139.6,50,190,ModerateRun,run,15.0,180.0
marathon_ontarget,athlete_A,278,139.7,50,190,ModerateRun,run,15.0,180.0
marathon_ontarget,athlete_A,279,139.8,50,190,ModerateRun,run,15.0,180.0
marathon_ontarget,athlete_A,280,139.8,50,190,ModerateRun,run,15.0,180.0
marathon_ontarget,athlete_A,281,139.9,50,190,ModerateRun,run,15.0,180.0
marathon_ontarget,athlete_A,282,140.0,50,190,ModerateRun,run,15.0,180.0
marathon_ontarget,athlete_A,283,140.0,50,190,ModerateRun,run,15.0,180.0
marathon_ontarget,athlete_A,284,140.1,50,190,ModerateRun,run,15.0,180.0
marathon_ontarget,athlete_A,285,140.1,50,190,ModerateRun,run,15.0,180.0
marathon_ontarget,athlete_A,286,140.2,50,190,ModerateRun,run,15.0,180.0
marathon_ontarget,athlete_A,287,140.3,50,190,ModerateRun,run,15.0,180.0
marathon_ontarget,athlete_A,288,140.3,50,190,ModerateRun,run,15.0,180.0
marathon_ontarget,athlete_A,289,140.4,50,190,ModerateRun,run,15.0,180.0
marathon_ontarget,athlete_A,290,140.5,50,190,ModerateRun,run,15.0,180.0
marathon_ontarget,athlete_A,291,140.5,50,190,ModerateRun,run,15.0,180.0
marathon_ontarget,athlete_A,292,140.6,50,190,ModerateRun,run,15.0,180.0
marathon_ontarget,athlete_A,293,140.6,50,190,ModerateRun,run,15.0,180.0
marathon_ontarget,athlete_A,294,140.7,50,190,ModerateRun,run,15.0,180.0
marathon_ontarget,athlete_A,295,140.7,50,190,ModerateRun,run,15.0,180.0
marathon_ontarget,athlete_A,296,140.8,50,190,ModerateRun,run,15.0,180.0
marathon_ontarget,athlete_A,297,140.8,50,190,ModerateRun,run,15.0,180.0
marathon_ontarget,athlete_A,298,140.9,50,190,ModerateRun,run,15.0,180.0
marathon_ontarget,athlete_A,299,140.9,50,190,ModerateRun,run,15.0,180.0
marathon_ontarget,athlete_A,300,140.9,50,190,ModerateRun,run,15.0,180.0
marathon_ontarget,athlete_A,301,140.9,50,190,ModerateRun,run,15.0,180.0
marathon_ontarget,athlete_A,302,141.0,50,190,ModerateRun,run,15.0,180.0
marathon_ontarget,athlete_A,303,141.0,50,190,ModerateRun,run,15.0,180.0
marathon_ontarget,athlete_A,304,141.0,50,190,ModerateRun,run,15.0,180.0
marathon_ontarget,athlete_A,305,141.0,50,190,ModerateRun,run,15.0,180.0
marathon_ontarget,athlete_A,306,141.0,50,190,ModerateRun,run,15.0,180.0
marathon_ontarget,athlete_A,307,141.0,50,190,ModerateRun,run,15.0,180.0
marathon_ontarget,athlete_A,308,141.0,50,190,ModerateRun,run,15.0,180.0
marathon_ontarget,athlete_A,309,141.0,50,190,ModerateRun,run,15.0,180.0
marathon_ontarget,athlete_A,310,141.0,50,190,ModerateRun,run,15.0,180.0
marathon_ontarget,athlete_A,311,141.0,50,190,ModerateRun,run,15.0,180.0
marathon_ontarget,athlete_A,312,140.9,50,190,ModerateRun,run,15.0,180.0
marathon_ontarget,athlete_A,313,140.9,50,190,ModerateRun,run,15.0,180.0
marathon_ontarget,athlete_A,314,140.9,50,190,ModerateRun,run,15.0,180.0
marathon_ontarget,athlete_A,315,140.8,50,190,ModerateRun,run,15.0,180.0
marathon_ontarget,athlete_A,316,140.8,50,190,ModerateRun,run,15.0,180.0
marathon_ontarget,athlete_A,317,140.8,50,190,ModerateRun,run,15.0,180.0
marathon_ontarget,athlete_A,318,140.7,50,190,ModerateRun,run,15.0,180.0
marathon_ontarget,athlete_A,319,140.7,50,190,ModerateRun,run,15.0,180.0
marathon_ontarget,athlete_A,320,140.6,50,190,ModerateRun,run,15.0,180.0
marathon_ontarget,athlete_A,321,140.6,50,190,ModerateRun,run,15.0,180.0
marathon_ontarget,athlete_A,322,140.5,50,190,ModerateRun,run,15.0,180.0
marathon_ontarget,athlete_A,323,140.4,50,190,ModerateRun,run,15.0,180.0
marathon_ontarget,athlete_A,324,140.4,50,190,ModerateRun,run,15.0,180.0
marathon_ontarget,athlete_A,325,140.3,50,190,ModerateRun,run,15.0,180.0
marathon_ontarget,athlete_A,326,140.3,50,190,ModerateRun,run,15.0,180.0
marathon_ontarget,athlete_A,327,140.2,50,190,ModerateRun,run,15.0,180.0
marathon_ontarget,athlete_A,328,140.1,50,190,ModerateRun,run,15.0,180.0
marathon_ontarget,athlete_A,329,140.1,50,190,ModerateRun,run,15.0,180.0
marathon_ontarget,athlete_A,330,140.0,50,190,ModerateRun,run,15.0,180.0
marathon_ontarget,athlete_A,331,139.9,50,190,ModerateRun,run,15.0,180.0
marathon_ontarget,athlete_A,332,139.9,50,190,ModerateRun,run,15.0,180.0
marathon_ontarget,athlete_A,333,139.8,50,190,ModerateRun,run,15.0,180.0
marathon_ontarget,athlete_A,334,139.7,50,190,ModerateRun,run,15.0,180.0
marathon_ontarget,athlete_A,335,139.7,50,190,ModerateRun,run,15.0,180.0
marathon_ontarget,athlete_A,336,139.6,50,190,ModerateRun,run,15.0,180.0
marathon_ontarget,athlete_A,337,139.5,50,190,ModerateRun,run,15.0,180.0
marathon_ontarget,athlete_A,338,139.5,50,190,ModerateRun,run,15.0,180.0
marathon_ontarget,athlete_A,339,139.4,50,190,ModerateRun,run,15.0,180.0
marathon_ontarget,athlete_A,340,139.4,50,190,ModerateRun,run,15.0,180.0
marathon_ontarget,athlete_A,341,139.3,50,190,ModerateRun,run,15.0,180.0
marathon_ontarget,athlete_A,342,139.3,50,190,ModerateRun,run,15.0,180.0
marathon_ontarget,athlete_A,343,139.2,50,190,ModerateRun,run,15.0,180.0
marathon_ontarget,athlete_A,344,139.2,50,190,ModerateRun,run,15.0,180.0
marathon_ontarget,athlete_A,345,139.2,50,190,ModerateRun,run,15.0,180.0
marathon_ontarget,athlete_A,346,139.1,50,190,ModerateRun,run,15.0,180.0
marathon_ontarget,athlete_A,347,139.1,50,190,ModerateRun,run,15.0,180.0
marathon_ontarget,athlete_A,348,139.1,50,190,ModerateRun,run,15.0,180.0
marathon_ontarget,athlete_A,349,139.0,50,190,ModerateRun,run,15.0,180.0
marathon_ontarget,athlete_A,350,139.0,50,190,ModerateRun,run,15.0,180.0
marathon_ontarget,athlete_A,351,139.0,50,190,ModerateRun,run,15.0,180.0
marathon_ontarget,athlete_A,352,139.0,50,190,ModerateRun,run,15.0,180.0
marathon_ontarget,athlete_A,353,139.0,50,190,ModerateRun,run,15.0,180.0
marathon_ontarget,athlete_A,354,139.0,50,190,ModerateRun,run,15.0,180.0
marathon_ontarget,athlete_A,355,139.0,50,190,ModerateRun,run,15.0,180.0
marathon_ontarget,athlete_A,356,139.0,50,190,ModerateRun,run,15.0,180.0
marathon_ontarget,athlete_A,357,139.0,50,190,ModerateRun,run,15.0,180.0
marathon_ontarget,athlete_A,358,139.0,50,190,ModerateRun,run,15.0,180.0
marathon_ontarget,athlete_A,359,139.1,50,190,ModerateRun,run,15.0,180.0
push_then_fatigue,runner_B,0,150.0,60,195,IntenseRun,push,14.0,180.0
push_then_fatigue,runner_B,1,150.3,60,195,IntenseRun,push,14.03,180.1
push_then_fatigue,runner_B,2,150.7,60,195,IntenseRun,push,14.07,180.2
push_then_fatigue,runner_B,3,151.0,60,195,IntenseRun,push,14.1,180.3
push_then_fatigue,runner_B,4,151.3,60,195,IntenseRun,push,14.13,180.4
push_then_fatigue,runner_B,5,151.7,60,195,IntenseRun,push,14.17,180.4
push_then_fatigue,runner_B,6,152.0,60,195,IntenseRun,push,14.2,180.5
push_then_fatigue,runner_B,7,152.3,60,195,IntenseRun,push,14.23,180.6
push_then_fatigue,runner_B,8,152.7,60,195,IntenseRun,push,14.27,180.7
push_then_fatigue,runner_B,9,153.0,60,195,IntenseRun,push,14.3,180.8
push_then_fatigue,runner_B,10,153.3,60,195,IntenseRun,push,14.33,180.9
push_then_fatigue,runner_B,11,153.7,60,195,IntenseRun,push,14.37,181.0
push_then_fatigue,runner_B,12,154.0,60,195,IntenseRun,push,14.4,181.1
push_then_fatigue,runner_B,13,154.3,60,195,IntenseRun,push,14.43,181.2
push_then_fatigue,runner_B,14,154.7,60,195,IntenseRun,push,14.47,181.2
push_then_fatigue,runner_B,15,155.0,60,195,IntenseRun,push,14.5,181.3
push_then_fatigue,runner_B,16,155.3,60,195,IntenseRun,push,14.53,181.4
push_then_fatigue,runner_B,17,155.7,60,195,IntenseRun,push,14.57,181.5
push_then_fatigue,runner_B,18,156.0,60,195,IntenseRun,push,14.6,181.6
push_then_fatigue,runner_B,19,156.3,60,195,IntenseRun,push,14.63,181.7
push_then_fatigue,runner_B,20,156.7,60,195,IntenseRun,push,14.67,181.8
push_then_fatigue,runner_B,21,157.0,60,195,IntenseRun,push,14.7,181.9
push_then_fatigue,runner_B,22,157.3,60,195,IntenseRun,push,14.73,182.0
push_then_fatigue,runner_B,23,157.7,60,195,IntenseRun,push,14.77,182.0
push_then_fatigue,runner_B,24,158.0,60,195,IntenseRun,push,14.8,182.1
push_then_fatigue,runner_B,25,158.3,60,195,IntenseRun,push,14.83,182.2
push_then_fatigue,runner_B,26,158.7,60,195,IntenseRun,push,14.87,182.3
push_then_fatigue,runner_B,27,159.0,60,195,IntenseRun,push,14.9,182.4
push_then_fatigue,runner_B,28,159.3,60,195,IntenseRun,push,14.93,182.5
push_then_fatigue,runner_B,29,159.7,60,195,IntenseRun,push,14.97,182.6
push_then_fatigue,runner_B,30,160.0,60,195,IntenseRun,push,15.0,182.7
push_then_fatigue,runner_B,31,160.3,60,195,IntenseRun,push,15.03,182.8
push_then_fatigue,runner_B,32,160.7,60,195,IntenseRun,push,15.07,182.8
push_then_fatigue,runner_B,33,161.0,60,195,IntenseRun,push,15.1,182.9
push_then_fatigue,runner_B,34,161.3,60,195,IntenseRun,push,15.13,183.0
push_then_fatigue,runner_B,35,161.7,60,195,IntenseRun,push,15.17,183.1
push_then_fatigue,runner_B,36,162.0,60,195,IntenseRun,push,15.2,183.2
push_then_fatigue,runner_B,37,162.3,60,195,IntenseRun,push,15.23,183.3
push_then_fatigue,runner_B,38,162.7,60,195,IntenseRun,push,15.27,183.4
push_then_fatigue,runner_B,39,163.0,60,195,IntenseRun,push,15.3,183.5
push_then_fatigue,runner_B,40,163.3,60,195,IntenseRun,push,15.33,183.6
push_then_fatigue,runner_B,41,163.7,60,195,IntenseRun,push,15.37,183.6
push_then_fatigue,runner_B,42,164.0,60,195,IntenseRun,push,15.4,183.7
push_then_fatigue,runner_B,43,164.3,60,195,IntenseRun,push,15.43,183.8
push_then_fatigue,runner_B,44,164.7,60,195,IntenseRun,push,15.47,183.9
push_then_fatigue,runner_B,45,165.0,60,195,IntenseRun,push,15.5,184.0
push_then_fatigue,runner_B,46,165.3,60,195,IntenseRun,push,15.53,184.1
push_then_fatigue,runner_B,47,165.7,60,195,IntenseRun,push,15.57,184.2
push_then_fatigue,runner_B,48,166.0,60,195,IntenseRun,push,15.6,184.3
push_then_fatigue,runner_B,49,166.3,60,195,IntenseRun,push,15.63,184.4
push_then_fatigue,runner_B,50,166.7,60,195,IntenseRun,push,15.67,184.4
push_then_fatigue,runner_B,51,167.0,60,195,IntenseRun,push,15.7,184.5
push_then_fatigue,runner_B,52,167.3,60,195,IntenseRun,push,15.73,184.6
push_then_fatigue,runner_B,53,167.7,60,195,IntenseRun,push,15.77,184.7
push_then_fatigue,runner_B,54,168.0,60,195,IntenseRun,push,15.8,184.8
push_then_fatigue,runner_B,55,168.3,60,195,IntenseRun,push,15.83,184.9
push_then_fatigue,runner_B,56,168.7,60,195,IntenseRun,push,15.87,185.0
push_then_fatigue,runner_B,57,169.0,60,195,IntenseRun,push,15.9,185.1
push_then_fatigue,runner_B,58,169.3,60,195,IntenseRun,push,15.93,185.2
push_then_fatigue,runner_B,59,169.7,60,195,IntenseRun,push,15.97,185.2
push_then_fatigue,runner_B,60,170.0,60,195,IntenseRun,push,16.0,185.3
push_then_fatigue,runner_B,61,170.3,60,195,IntenseRun,push,16.03,185.4
push_then_fatigue,runner_B,62,170.7,60,195,IntenseRun,push,16.07,185.5
push_then_fatigue,runner_B,63,171.0,60,195,IntenseRun,push,16.1,185.6
push_then_fatigue,runner_B,64,171.3,60,195,IntenseRun,push,16.13,185.7
push_then_fatigue,runner_B,65,171.7,60,195,IntenseRun,push,16.17,185.8
push_then_fatigue,runner_B,66,172.0,60,195,IntenseRun,push,16.2,185.9
push_then_fatigue,runner_B,67,172.3,60,195,IntenseRun,push,16.23,186.0
push_then_fatigue,runner_B,68,172.7,60,195,IntenseRun,push,16.27,186.0
push_then_fatigue,runner_B,69,173.0,60,195,IntenseRun,push,16.3,186.1
push_then_fatigue,runner_B,70,173.3,60,195,IntenseRun,push,16.33,186.2
push_then_fatigue,runner_B,71,173.7,60,195,IntenseRun,push,16.37,186.3
push_then_fatigue,runner_B,72,174.0,60,195,IntenseRun,push,16.4,186.4
push_then_fatigue,runner_B,73,174.3,60,195,IntenseRun,push,16.43,186.5
push_then_fatigue,runner_B,74,174.7,60,195,IntenseRun,push,16.47,186.6
push_then_fatigue,runner_B,75,175.0,60,195,IntenseRun,push,16.5,186.7
push_then_fatigue,runner_B,76,175.3,60,195,IntenseRun,push,16.53,186.8
push_then_fatigue,runner_B,77,175.7,60,195,IntenseRun,push,16.57,186.8
push_then_fatigue,runner_B,78,176.0,60,195,IntenseRun,push,16.6,186.9
push_then_fatigue,runner_B,79,176.3,60,195,IntenseRun,push,16.63,187.0
push_then_fatigue,runner_B,80,176.7,60,195,IntenseRun,push,16.67,187.1
push_then_fatigue,runner_B,81,177.0,60,195,IntenseRun,push,16.7,187.2
push_then_fatigue,runner_B,82,177.3,60,195,IntenseRun,push,16.73,187.3
push_then_fatigue,runner_B,83,177.7,60,195,IntenseRun,push,16.77,187.4
push_then_fatigue,runner_B,84,178.0,60,195,IntenseRun,push,16.8,187.5
push_then_fatigue,runner_B,85,178.3,60,195,IntenseRun,push,16.83,187.6
push_then_fatigue,runner_B,86,178.7,60,195,IntenseRun,push,16.87,187.6
push_then_fatigue,runner_B,87,179.0,60,195,IntenseRun,push,16.9,187.7
push_then_fatigue,runner_B,88,179.3,60,195,IntenseRun,push,16.93,187.8
push_then_fatigue,runner_B,89,179.7,60,195,IntenseRun,push,16.97,187.9
push_then_fatigue,runner_B,90,180.0,60,195,IntenseRun,fatigue,17.0,188.0
push_then_fatigue,runner_B,91,180.0,60,195,IntenseRun,fatigue,16.97,187.9
push_then_fatigue,runner_B,92,180.1,60,195,IntenseRun,fatigue,16.95,187.8
push_then_fatigue,runner_B,93,180.1,60,195,IntenseRun,fatigue,16.92,187.7
push_then_fatigue,runner_B,94,180.1,60,195,IntenseRun,fatigue,16.9,187.6
push_then_fatigue,runner_B,95,180.2,60,195,IntenseRun,fatigue,16.87,187.4
push_then_fatigue,runner_B,96,180.2,60,195,IntenseRun,fatigue,16.84,187.3
push_then_fatigue,runner_B,97,180.3,60,195,IntenseRun,fatigue,16.82,187.2
push_then_fatigue,runner_B,98,180.3,60,195,IntenseRun,fatigue,16.79,187.1
push_then_fatigue,runner_B,99,180.3,60,195,IntenseRun,fatigue,16.77,187.0
push_then_fatigue,runner_B,100,180.4,60,195,IntenseRun,fatigue,16.74,186.9
push_then_fatigue,runner_B,101,180.4,60,195,IntenseRun,fatigue,16.71,186.8
push_then_fatigue,runner_B,102,180.4,60,195,IntenseRun,fatigue,16.69,186.7
push_then_fatigue,runner_B,103,180.5,60,195,IntenseRun,fatigue,16.66,186.6
push_then_fatigue,runner_B,104,180.5,60,195,IntenseRun,fatigue,16.64,186.4
push_then_fatigue,runner_B,105,180.6,60,195,IntenseRun,fatigue,16.61,186.3
push_then_fatigue,runner_B,106,180.6,60,195,IntenseRun,fatigue,16.59,186.2
push_then_fatigue,runner_B,107,180.6,60,195,IntenseRun,fatigue,16.56,186.1
push_then_fatigue,runner_B,108,180.7,60,195,IntenseRun,fatigue,16.53,186.0
push_then_fatigue,runner_B,109,180.7,60,195,IntenseRun,fatigue,16.51,185.9
push_then_fatigue,runner_B,110,180.7,60,195,IntenseRun,fatigue,16.48,185.8
push_then_fatigue,runner_B,111,180.8,60,195,IntenseRun,fatigue,16.46,185.7
push_then_fatigue,runner_B,112,180.8,60,195,IntenseRun,fatigue,16.43,185.6
push_then_fatigue,runner_B,113,180.9,60,195,IntenseRun,fatigue,16.4,185.4
push_then_fatigue,runner_B,114,180.9,60,195,IntenseRun,fatigue,16.38,185.3
push_then_fatigue,runner_B,115,180.9,60,195,IntenseRun,fatigue,16.35,185.2
push_then_fatigue,runner_B,116,181.0,60,195,IntenseRun,fatigue,16.33,185.1
push_then_fatigue,runner_B,117,181.0,60,195,IntenseRun,fatigue,16.3,185.0
push_then_fatigue,runner_B,118,181.0,60,195,IntenseRun,fatigue,16.27,184.9
push_then_fatigue,runner_B,119,181.1,60,195,IntenseRun,fatigue,16.25,184.8
push_then_fatigue,runner_B,120,181.1,60,195,IntenseRun,fatigue,16.22,184.7
push_then_fatigue,runner_B,121,181.1,60,195,IntenseRun,fatigue,16.2,184.6
push_then_fatigue,runner_B,122,181.2,60,195,IntenseRun,fatigue,16.17,184.4
push_then_fatigue,runner_B,123,181.2,60,195,IntenseRun,fatigue,16.14,184.3
push_then_fatigue,runner_B,124,181.3,60,195,IntenseRun,fatigue,16.12,184.2
push_then_fatigue,runner_B,125,181.3,60,195,IntenseRun,fatigue,16.09,184.1
push_then_fatigue,runner_B,126,181.3,60,195,IntenseRun,fatigue,16.07,184.0
push_then_fatigue,runner_B,127,181.4,60,195,IntenseRun,fatigue,16.04,183.9
push_then_fatigue,runner_B,128,181.4,60,195,IntenseRun,fatigue,16.01,183.8
push_then_fatigue,runner_B,129,181.4,60,195,IntenseRun,fatigue,15.99,183.7
push_then_fatigue,runner_B,130,181.5,60,195,IntenseRun,fatigue,15.96,183.6
push_then_fatigue,runner_B,131,181.5,60,195,IntenseRun,fatigue,15.94,183.4
push_then_fatigue,runner_B,132,181.6,60,195,IntenseRun,fatigue,15.91,183.3
push_then_fatigue,runner_B,133,181.6,60,195,IntenseRun,fatigue,15.89,183.2
push_then_fatigue,runner_B,134,181.6,60,195,IntenseRun,fatigue,15.86,183.1
push_then_fatigue,runner_B,135,181.7,60,195,IntenseRun,fatigue,15.83,183.0
push_then_fatigue,runner_B,136,181.7,60,195,IntenseRun,fatigue,15.81,182.9
push_then_fatigue,runner_B,137,181.7,60,195,IntenseRun,fatigue,15.78,182.8
push_then_fatigue,runner_B,138,181.8,60,195,IntenseRun,fatigue,15.76,182.7
push_then_fatigue,runner_B,139,181.8,60,195,IntenseRun,fatigue,15.73,182.6
push_then_fatigue,runner_B,140,181.9,60,195,IntenseRun,fatigue,15.7,182.4
push_then_fatigue,runner_B,141,181.9,60,195,IntenseRun,fatigue,15.68,182.3
push_then_fatigue,runner_B,142,181.9,60,195,IntenseRun,fatigue,15.65,182.2
push_then_fatigue,runner_B,143,182.0,60,195,IntenseRun,fatigue,15.63,182.1
push_then_fatigue,runner_B,144,182.0,60,195,IntenseRun,fatigue,15.6,182.0
push_then_fatigue,runner_B,145,182.0,60,195,IntenseRun,fatigue,15.57,181.9
push_then_fatigue,runner_B,146,182.1,60,195,IntenseRun,fatigue,15.55,181.8
push_then_fatigue,runner_B,147,182.1,60,195,IntenseRun,fatigue,15.52,181.7
push_then_fatigue,runner_B,148,182.1,60,195,IntenseRun,fatigue,15.5,181.6
push_then_fatigue,runner_B,149,182.2,60,195,IntenseRun,fatigue,15.47,181.4
push_then_fatigue,runner_B,150,182.2,60,195,IntenseRun,fatigue,15.44,181.3
push_then_fatigue,runner_B,151,182.3,60,195,IntenseRun,fatigue,15.42,181.2
push_then_fatigue,runner_B,152,182.3,60,195,IntenseRun,fatigue,15.39,181.1
push_then_fatigue,runner_B,153,182.3,60,195,IntenseRun,fatigue,15.37,181.0
push_then_fatigue,runner_B,154,182.4,60,195,IntenseRun,fatigue,15.34,180.9
push_then_fatigue,runner_B,155,182.4,60,195,IntenseRun,fatigue,15.31,180.8
push_then_fatigue,runner_B,156,182.4,60,195,IntenseRun,fatigue,15.29,180.7
push_then_fatigue,runner_B,157,182.5,60,195,IntenseRun,fatigue,15.26,180.6
push_then_fatigue,runner_B,158,182.5,60,195,IntenseRun,fatigue,15.24,180.4
push_then_fatigue,runner_B,159,182.6,60,195,IntenseRun,fatigue,15.21,180.3
push_then_fatigue,runner_B,160,182.6,60,195,IntenseRun,fatigue,15.19,180.2
push_then_fatigue,runner_B,161,182.6,60,195,IntenseRun,fatigue,15.16,180.1
push_then_fatigue,runner_B,162,182.7,60,195,IntenseRun,fatigue,15.13,180.0
push_then_fatigue,runner_B,163,182.7,60,195,IntenseRun,fatigue,15.11,179.9
push_then_fatigue,runner_B,164,182.7,60,195,IntenseRun,fatigue,15.08,179.8
push_then_fatigue,runner_B,165,182.8,60,195,IntenseRun,fatigue,15.06,179.7
push_then_fatigue,runner_B,166,182.8,60,195,IntenseRun,fatigue,15.03,179.6
push_then_fatigue,runner_B,167,182.9,60,195,IntenseRun,fatigue,15.0,179.4
push_then_fatigue,runner_B,168,182.9,60,195,IntenseRun,fatigue,14.98,179.3
push_then_fatigue,runner_B,169,182.9,60,195,IntenseRun,fatigue,14.95,179.2
push_then_fatigue,runner_B,170,183.0,60,195,IntenseRun,fatigue,14.93,179.1
push_then_fatigue,runner_B,171,183.0,60,195,IntenseRun,fatigue,14.9,179.0
push_then_fatigue,runner_B,172,183.0,60,195,IntenseRun,fatigue,14.87,178.9
push_then_fatigue,runner_B,173,183.1,60,195,IntenseRun,fatigue,14.85,178.8
push_then_fatigue,runner_B,174,183.1,60,195,IntenseRun,fatigue,14.82,178.7
push_then_fatigue,runner_B,175,183.1,60,195,IntenseRun,fatigue,14.8,178.6
push_then_fatigue,runner_B,176,183.2,60,195,IntenseRun,fatigue,14.77,178.4
push_then_fatigue,runner_B,177,183.2,60,195,IntenseRun,fatigue,14.74,178.3
push_then_fatigue,runner_B,178,183.3,60,195,IntenseRun,fatigue,14.72,178.2
push_then_fatigue,runner_B,179,183.3,60,195,IntenseRun,fatigue,14.69,178.1
push_then_fatigue,runner_B,180,183.3,60,195,IntenseRun,fatigue,14.67,178.0
push_then_fatigue,runner_B,181,183.4,60,195,IntenseRun,fatigue,14.64,177.9
push_then_fatigue,runner_B,182,183.4,60,195,IntenseRun,fatigue,14.61,177.8
push_then_fatigue,runner_B,183,183.4,60,195,IntenseRun,fatigue,14.59,177.7
push_then_fatigue,runner_B,184,183.5,60,195,IntenseRun,fatigue,14.56,177.6
push_then_fatigue,runner_B,185,183.5,60,195,IntenseRun,fatigue,14.54,177.4
push_then_fatigue,runner_B,186,183.6,60,195,IntenseRun,fatigue,14.51,177.3
push_then_fatigue,runner_B,187,183.6,60,195,IntenseRun,fatigue,14.49,177.2
push_then_fatigue,runner_B,188,183.6,60,195,IntenseRun,fatigue,14.46,177.1
push_then_fatigue,runner_B,189,183.7,60,195,IntenseRun,fatigue,14.43,177.0
push_then_fatigue,runner_B,190,183.7,60,195,IntenseRun,fatigue,14.41,176.9
push_then_fatigue,runner_B,191,183.7,60,195,IntenseRun,fatigue,14.38,176.8
push_then_fatigue,runner_B,192,183.8,60,195,IntenseRun,fatigue,14.36,176.7
push_then_fatigue,runner_B,193,183.8,60,195,IntenseRun,fatigue,14.33,176.6
push_then_fatigue,runner_B,194,183.9,60,195,IntenseRun,fatigue,14.3,176.4
push_then_fatigue,runner_B,195,183.9,60,195,IntenseRun,fatigue,14.28,176.3
push_then_fatigue,runner_B,196,183.9,60,195,IntenseRun,fatigue,14.25,176.2
push_then_fatigue,runner_B,197,184.0,60,195,IntenseRun,fatigue,14.23,176.1
push_then_fatigue,runner_B,198,184.0,60,195,IntenseRun,fatigue,14.2,176.0
push_then_fatigue,runner_B,199,184.0,60,195,IntenseRun,fatigue,14.17,175.9
push_then_fatigue,runner_B,200,184.1,60,195,IntenseRun,fatigue,14.15,175.8
push_then_fatigue,runner_B,201,184.1,60,195,IntenseRun,fatigue,14.12,175.7
push_then_fatigue,runner_B,202,184.1,60,195,IntenseRun,fatigue,14.1,175.6
push_then_fatigue,runner_B,203,184.2,60,195,IntenseRun,fatigue,14.07,175.4
push_then_fatigue,runner_B,204,184.2,60,195,IntenseRun,fatigue,14.04,175.3
push_then_fatigue,runner_B,205,184.3,60,195,IntenseRun,fatigue,14.02,175.2
push_then_fatigue,runner_B,206,184.3,60,195,IntenseRun,fatigue,13.99,175.1
push_then_fatigue,runner_B,207,184.3,60,195,IntenseRun,fatigue,13.97,175.0
push_then_fatigue,runner_B,208,184.4,60,195,IntenseRun,fatigue,13.94,174.9
push_then_fatigue,runner_B,209,184.4,60,195,IntenseRun,fatigue,13.91,174.8
push_then_fatigue,runner_B,210,184.4,60,195,IntenseRun,fatigue,13.89,174.7
push_then_fatigue,runner_B,211,184.5,60,195,IntenseRun,fatigue,13.86,174.6
push_then_fatigue,runner_B,212,184.5,60,195,IntenseRun,fatigue,13.84,174.4
push_then_fatigue,runner_B,213,184.6,60,195,IntenseRun,fatigue,13.81,174.3
push_then_fatigue,runner_B,214,184.6,60,195,IntenseRun,fatigue,13.79,174.2
push_then_fatigue,runner_B,215,184.6,60,195,IntenseRun,fatigue,13.76,174.1
push_then_fatigue,runner_B,216,184.7,60,195,IntenseRun,fatigue,13.73,174.0
push_then_fatigue,runner_B,217,184.7,60,195,IntenseRun,fatigue,13.71,173.9
push_then_fatigue,runner_B,218,184.7,60,195,IntenseRun,fatigue,13.68,173.8
push_then_fatigue,runner_B,219,184.8,60,195,IntenseRun,fatigue,13.66,173.7
push_then_fatigue,runner_B,220,184.8,60,195,IntenseRun,fatigue,13.63,173.6
push_then_fatigue,runner_B,221,184.9,60,195,IntenseRun,fatigue,13.6,173.4
push_then_fatigue,runner_B,222,184.9,60,195,IntenseRun,fatigue,13.58,173.3
push_then_fatigue,runner_B,223,184.9,60,195,IntenseRun,fatigue,13.55,173.2
push_then_fatigue,runner_B,224,185.0,60,195,IntenseRun,fatigue,13.53,173.1
push_then_fatigue,runner_B,225,185.0,60,195,IntenseRun,fatigue,13.5,173.0
push_then_fatigue,runner_B,226,185.0,60,195,IntenseRun,fatigue,13.47,172.9
push_then_fatigue,runner_B,227,185.1,60,195,IntenseRun,fatigue,13.45,172.8
push_then_fatigue,runner_B,228,185.1,60,195,IntenseRun,fatigue,13.42,172.7
push_then_fatigue,runner_B,229,185.1,60,195,IntenseRun,fatigue,13.4,172.6
push_then_fatigue,runner_B,230,185.2,60,195,IntenseRun,fatigue,13.37,172.4
push_then_fatigue,runner_B,231,185.2,60,195,IntenseRun,fatigue,13.34,172.3
push_then_fatigue,runner_B,232,185.3,60,195,IntenseRun,fatigue,13.32,172.2
push_then_fatigue,runner_B,233,185.3,60,195,IntenseRun,fatigue,13.29,172.1
push_then_fatigue,runner_B,234,185.3,60,195,IntenseRun,fatigue,13.27,172.0
push_then_fatigue,runner_B,235,185.4,60,195,IntenseRun,fatigue,13.24,171.9
push_then_fatigue,runner_B,236,185.4,60,195,IntenseRun,fatigue,13.21,171.8
push_then_fatigue,runner_B,237,185.4,60,195,IntenseRun,fatigue,13.19,171.7
push_then_fatigue,runner_B,238,185.5,60,195,IntenseRun,fatigue,13.16,171.6
push_then_fatigue,runner_B,239,185.5,60,195,IntenseRun,fatigue,13.14,171.4
push_then_fatigue,runner_B,240,185.6,60,195,IntenseRun,fatigue,13.11,171.3
push_then_fatigue,runner_B,241,185.6,60,195,IntenseRun,fatigue,13.09,171.2
push_then_fatigue,runner_B,242,185.6,60,195,IntenseRun,fatigue,13.06,171.1
push_then_fatigue,runner_B,243,185.7,60,195,IntenseRun,fatigue,13.03,171.0
push_then_fatigue,runner_B,244,185.7,60,195,IntenseRun,fatigue,13.01,170.9
push_then_fatigue,runner_B,245,185.7,60,195,IntenseRun,fatigue,12.98,170.8
push_then_fatigue,runner_B,246,185.8,60,195,IntenseRun,fatigue,12.96,170.7
push_then_fatigue,runner_B,247,185.8,60,195,IntenseRun,fatigue,12.93,170.6
push_then_fatigue,runner_B,248,185.9,60,195,IntenseRun,fatigue,12.9,170.4
push_then_fatigue,runner_B,249,185.9,60,195,IntenseRun,fatigue,12.88,170.3
push_then_fatigue,runner_B,250,185.9,60,195,IntenseRun,fatigue,12.85,170.2
push_then_fatigue,runner_B,251,186.0,60,195,IntenseRun,fatigue,12.83,170.1
push_then_fatigue,runner_B,252,186.0,60,195,IntenseRun,fatigue,12.8,170.0
push_then_fatigue,runner_B,253,186.0,60,195,IntenseRun,fatigue,12.77,169.9
push_then_fatigue,runner_B,254,186.1,60,195,IntenseRun,fatigue,12.75,169.8
push_then_fatigue,runner_B,255,186.1,60,195,IntenseRun,fatigue,12.72,169.7
push_then_fatigue,runner_B,256,186.1,60,195,IntenseRun,fatigue,12.7,169.6
push_then_fatigue,runner_B,257,186.2,60,195,IntenseRun,fatigue,12.67,169.4
push_then_fatigue,runner_B,258,186.2,60,195,IntenseRun,fatigue,12.64,169.3
push_then_fatigue,runner_B,259,186.3,60,195,IntenseRun,fatigue,12.62,169.2
push_then_fatigue,runner_B,260,186.3,60,195,IntenseRun,fatigue,12.59,169.1
push_then_fatigue,runner_B,261,186.3,60,195,IntenseRun,fatigue,12.57,169.0
push_then_fatigue,runner_B,262,186.4,60,195,IntenseRun,fatigue,12.54,168.9
push_then_fatigue,runner_B,263,186.4,60,195,IntenseRun,fatigue,12.51,168.8
push_then_fatigue,runner_B,264,186.4,60,195,IntenseRun,fatigue,12.49,168.7
push_then_fatigue,runner_B,265,186.5,60,195,IntenseRun,fatigue,12.46,168.6
push_then_fatigue,runner_B,266,186.5,60,195,IntenseRun,fatigue,12.44,168.4
push_then_fatigue,runner_B,267,186.6,60,195,IntenseRun,fatigue,12.41,168.3
push_then_fatigue,runner_B,268,186.6,60,195,IntenseRun,fatigue,12.39,168.2
push_then_fatigue,runner_B,269,186.6,60,195,IntenseRun,fatigue,12.36,168.1
push_then_fatigue,runner_B,270,186.7,60,195,IntenseRun,fatigue,12.33,168.0
push_then_fatigue,runner_B,271,186.7,60,195,IntenseRun,fatigue,12.31,167.9
push_then_fatigue,runner_B,272,186.7,60,195,IntenseRun,fatigue,12.28,167.8
push_then_fatigue,runner_B,273,186.8,60,195,IntenseRun,fatigue,12.26,167.7
push_then_fatigue,runner_B,274,186.8,60,195,IntenseRun,fatigue,12.23,167.6
push_then_fatigue,runner_B,275,186.9,60,195,IntenseRun,fatigue,12.2,167.4
push_then_fatigue,runner_B,276,186.9,60,195,IntenseRun,fatigue,12.18,167.3
push_then_fatigue,runner_B,277,186.9,60,195,IntenseRun,fatigue,12.15,167.2
push_then_fatigue,runner_B,278,187.0,60,195,IntenseRun,fatigue,12.13,167.1
push_then_fatigue,runner_B,279,187.0,60,195,IntenseRun,fatigue,12.1,167.0
push_then_fatigue,runner_B,280,187.0,60,195,IntenseRun,fatigue,12.07,166.9
push_then_fatigue,runner_B,281,187.1,60,195,IntenseRun,fatigue,12.05,166.8
push_then_fatigue,runner_B,282,187.1,60,195,IntenseRun,fatigue,12.02,166.7
push_then_fatigue,runner_B,283,187.1,60,195,IntenseRun,fatigue,12.0,166.6
push_then_fatigue,runner_B,284,187.2,60,195,IntenseRun,fatigue,11.97,166.4
push_then_fatigue,runner_B,285,187.2,60,195,IntenseRun,fatigue,11.94,166.3
push_then_fatigue,runner_B,286,187.3,60,195,IntenseRun,fatigue,11.92,166.2
push_then_fatigue,runner_B,287,187.3,60,195,IntenseRun,fatigue,11.89,166.1
push_then_fatigue,runner_B,288,187.3,60,195,IntenseRun,fatigue,11.87,166.0
push_then_fatigue,runner_B,289,187.4,60,195,IntenseRun,fatigue,11.84,165.9
push_then_fatigue,runner_B,290,187.4,60,195,IntenseRun,fatigue,11.81,165.8
push_then_fatigue,runner_B,291,187.4,60,195,IntenseRun,fatigue,11.79,165.7
push_then_fatigue,runner_B,292,187.5,60,195,IntenseRun,fatigue,11.76,165.6
push_then_fatigue,runner_B,293,187.5,60,195,IntenseRun,fatigue,11.74,165.4
push_then_fatigue,runner_B,294,187.6,60,195,IntenseRun,fatigue,11.71,165.3
push_then_fatigue,runner_B,295,187.6,60,195,IntenseRun,fatigue,11.69,165.2
push_then_fatigue,runner_B,296,187.6,60,195,IntenseRun,fatigue,11.66,165.1
push_then_fatigue,runner_B,297,187.7,60,195,IntenseRun,fatigue,11.63,165.0
push_then_fatigue,runner_B,298,187.7,60,195,IntenseRun,fatigue,11.61,164.9
push_then_fatigue,runner_B,299,187.7,60,195,IntenseRun,fatigue,11.58,164.8
push_then_fatigue,runner_B,300,187.8,60,195,IntenseRun,fatigue,11.56,164.7
push_then_fatigue,runner_B,301,187.8,60,195,IntenseRun,fatigue,11.53,164.6
push_then_fatigue,runner_B,302,187.9,60,195,IntenseRun,fatigue,11.5,164.4
push_then_fatigue,runner_B,303,187.9,60,195,IntenseRun,fatigue,11.48,164.3
push_then_fatigue,runner_B,304,187.9,60,195,IntenseRun,fatigue,11.45,164.2
push_then_fatigue,runner_B,305,188.0,60,195,IntenseRun,fatigue,11.43,164.1
push_then_fatigue,runner_B,306,188.0,60,195,IntenseRun,fatigue,11.4,164.0
push_then_fatigue,runner_B,307,188.0,60,195,IntenseRun,fatigue,11.37,163.9
push_then_fatigue,runner_B,308,188.1,60,195,IntenseRun,fatigue,11.35,163.8
push_then_fatigue,runner_B,309,188.1,60,195,IntenseRun,fatigue,11.32,163.7
push_then_fatigue,runner_B,310,188.1,60,195,IntenseRun,fatigue,11.3,163.6
push_then_fatigue,runner_B,311,188.2,60,195,IntenseRun,fatigue,11.27,163.4
push_then_fatigue,runner_B,312,188.2,60,195,IntenseRun,fatigue,11.24,163.3
push_then_fatigue,runner_B,313,188.3,60,195,IntenseRun,fatigue,11.22,163.2
push_then_fatigue,runner_B,314,188.3,60,195,IntenseRun,fatigue,11.19,163.1
push_then_fatigue,runner_B,315,188.3,60,195,IntenseRun,fatigue,11.17,163.0
push_then_fatigue,runner_B,316,188.4,60,195,IntenseRun,fatigue,11.14,162.9
push_then_fatigue,runner_B,317,188.4,60,195,IntenseRun,fatigue,11.11,162.8
push_then_fatigue,runner_B,318,188.4,60,195,IntenseRun,fatigue,11.09,162.7
push_then_fatigue,runner_B,319,188.5,60,195,IntenseRun,fatigue,11.06,162.6
push_then_fatigue,runner_B,320,188.5,60,195,IntenseRun,fatigue,11.04,162.4
push_then_fatigue,runner_B,321,188.6,60,195,IntenseRun,fatigue,11.01,162.3
push_then_fatigue,runner_B,322,188.6,60,195,IntenseRun,fatigue,10.99,162.2
push_then_fatigue,runner_B,323,188.6,60,195,IntenseRun,fatigue,10.96,162.1
push_then_fatigue,runner_B,324,188.7,60,195,IntenseRun,fatigue,10.93,162.0
push_then_fatigue,runner_B,325,188.7,60,195,IntenseRun,fatigue,10.91,161.9
push_then_fatigue,runner_B,326,188.7,60,195,IntenseRun,fatigue,10.88,161.8
push_then_fatigue,runner_B,327,188.8,60,195,IntenseRun,fatigue,10.86,161.7
push_then_fatigue,runner_B,328,188.8,60,195,IntenseRun,fatigue,10.83,161.6
push_then_fatigue,runner_B,329,188.9,60,195,IntenseRun,fatigue,10.8,161.4
push_then_fatigue,runner_B,330,188.9,60,195,IntenseRun,fatigue,10.78,161.3
push_then_fatigue,runner_B,331,188.9,60,195,IntenseRun,fatigue,10.75,161.2
push_then_fatigue,runner_B,332,189.0,60,195,IntenseRun,fatigue,10.73,161.1
push_then_fatigue,runner_B,333,189.0,60,195,IntenseRun,fatigue,10.7,161.0
push_then_fatigue,runner_B,334,189.0,60,195,IntenseRun,fatigue,10.67,160.9
push_then_fatigue,runner_B,335,189.1,60,195,IntenseRun,fatigue,10.65,160.8
push_then_fatigue,runner_B,336,189.1,60,195,IntenseRun,fatigue,10.62,160.7
push_then_fatigue,runner_B,337,189.1,60,195,IntenseRun,fatigue,10.6,160.6
push_then_fatigue,runner_B,338,189.2,60,195,IntenseRun,fatigue,10.57,160.4
push_then_fatigue,runner_B,339,189.2,60,195,IntenseRun,fatigue,10.54,160.3
push_then_fatigue,runner_B,340,189.3,60,195,IntenseRun,fatigue,10.52,160.2
push_then_fatigue,runner_B,341,189.3,60,195,IntenseRun,fatigue,10.49,160.1
push_then_fatigue,runner_B,342,189.3,60,195,IntenseRun,fatigue,10.47,160.0
push_then_fatigue,runner_B,343,189.4,60,195,IntenseRun,fatigue,10.44,159.9
push_then_fatigue,runner_B,344,189.4,60,195,IntenseRun,fatigue,10.41,159.8
push_then_fatigue,runner_B,345,189.4,60,195,IntenseRun,fatigue,10.39,159.7
push_then_fatigue,runner_B,346,189.5,60,195,IntenseRun,fatigue,10.36,159.6
push_then_fatigue,runner_B,347,189.5,60,195,IntenseRun,fatigue,10.34,159.4
push_then_fatigue,runner_B,348,189.6,60,195,IntenseRun,fatigue,10.31,159.3
push_then_fatigue,runner_B,349,189.6,60,195,IntenseRun,fatigue,10.29,159.2
push_then_fatigue,runner_B,350,189.6,60,195,IntenseRun,fatigue,10.26,159.1
push_then_fatigue,runner_B,351,189.7,60,195,IntenseRun,fatigue,10.23,159.0
push_then_fatigue,runner_B,352,189.7,60,195,IntenseRun,fatigue,10.21,158.9
push_then_fatigue,runner_B,353,189.7,60,195,IntenseRun,fatigue,10.18,158.8
push_then_fatigue,runner_B,354,189.8,60,195,IntenseRun,fatigue,10.16,158.7
push_then_fatigue,runner_B,355,189.8,60,195,IntenseRun,fatigue,10.13,158.6
push_then_fatigue,runner_B,356,189.9,60,195,IntenseRun,fatigue,10.1,158.4
push_then_fatigue,runner_B,357,189.9,60,195,IntenseRun,fatigue,10.08,158.3
push_then_fatigue,runner_B,358,189.9,60,195,IntenseRun,fatigue,10.05,158.2
push_then_fatigue,runner_B,359,190.0,60,195,IntenseRun,fatigue,10.03,158.1
